x,y
0.000672520227787,7.79483981604e-05
0.00813329140244,0.0265024553745
0.0155940625771,0.0368695923299
0.0230548337517,0.0473926260815
0.0305156049264,0.0630602541118
0.0379763761011,0.0657104996492
0.0454371472757,0.0837945280224
0.0528979184504,0.0870683607452
0.060358689625,0.091355522644
0.0678194607997,0.109361602619
0.0752802319743,0.118013874815
0.082741003149,0.125341024242
0.0902017743236,0.12923844415
0.0976625454983,0.1440486398
0.105123316673,0.152622963598
0.112584087848,0.155662951126
0.120044859022,0.160729597007
0.127505630197,0.168056746434
0.134966401372,0.168056746434
0.142427172546,0.172265959935
0.149887943721,0.174292618287
0.157348714896,0.174292618287
0.16480948607,0.180606438538
0.172270257245,0.196040221373
0.179731028419,0.19705355055
0.187191799594,0.19705355055
0.194652570769,0.19705355055
0.202113341943,0.203835061189
0.209574113118,0.211396055811
0.217034884293,0.225037025489
0.224495655467,0.233299555694
0.231956426642,0.235092368852
0.239417197817,0.237274924
0.246877968991,0.24662873178
0.254338740166,0.262140463013
0.261799511341,0.267129160496
0.269260282515,0.285992672851
0.27672105369,0.298698261751
0.284181824865,0.302595681659
0.291642596039,0.308130017928
0.299103367214,0.314911528568
0.306564138389,0.325044820329
0.314024909563,0.331904279367
0.321485680738,0.3432067971
0.328946451913,0.345311403851
0.336407223087,0.345311403851
0.343867994262,0.363395432224
0.351328765437,0.366123626159
0.358789536611,0.371502065633
0.366250307786,0.379063060254
0.37371107896,0.398082469405
0.381171850135,0.402915270091
0.38863262131,0.407280380388
0.396093392484,0.410242419518
0.403554163659,0.415776755788
0.411014934834,0.427469015512
0.418475706008,0.429027983475
0.425936477183,0.433315145374
0.433397248358,0.440408449606
0.440858019532,0.44196741757
0.448318790707,0.447189960246
0.455779561882,0.456855561618
0.463240333056,0.456855561618
0.470701104231,0.464494504638
0.478161875406,0.464494504638
0.48562264658,0.470028840907
0.493083417755,0.48476108816
0.50054418893,0.494816431522
0.508004960104,0.503156910125
0.515465731279,0.503156910125
0.522926502454,0.514459427859
0.530387273628,0.524358874425
0.537848044803,0.529971159093
0.545308815978,0.539013173279
0.552769587152,0.539013173279
0.560230358327,0.547821342271
0.567691129501,0.554758749708
0.575151900676,0.566217164237
0.582612671851,0.571751500507
0.590073443025,0.579078649934
0.5975342142,0.587263231741
0.604994985375,0.587263231741
0.612455756549,0.593966793982
0.619916527724,0.604022137345
0.627377298899,0.607685712059
0.634838070073,0.616883623042
0.642298841248,0.622340010913
0.649759612423,0.634344064229
0.657220383597,0.639566606906
0.664681154772,0.641359420064
0.672141925947,0.647595291917
0.679602697121,0.649855795463
0.687063468296,0.650947073038
0.694524239471,0.650947073038
0.701985010645,0.6567932029
0.70944578182,0.665289578299
0.716906552995,0.665289578299
0.724367324169,0.668329565827
0.731828095344,0.671291604958
0.739288866519,0.680567464339
0.746749637693,0.690077168914
0.754210408868,0.692025878868
0.761671180042,0.697560215138
0.769131951217,0.703094551407
0.776592722392,0.707459661704
0.784053493566,0.715566295113
0.791514264741,0.717047314678
0.798975035916,0.724764206096
0.80643580709,0.731311871541
0.813896578265,0.736144672227
0.82135734944,0.742302595682
0.828818120614,0.748538467534
0.836278891789,0.754306648998
0.843739662964,0.757580481721
0.851200434138,0.758126120508
0.858661205313,0.763348663185
0.866121976488,0.763348663185
0.873582747662,0.763816353574
0.881043518837,0.763816353574
0.888504290012,0.768103515473
0.895965061186,0.77075376101
0.903425832361,0.778314755632
0.910886603536,0.782991659521
0.91834737471,0.786187543846
0.925808145885,0.790786499337
0.93326891706,0.793124951282
0.940729688234,0.793124951282
0.948190459409,0.793124951282
0.955651230583,0.793124951282
0.963112001758,0.794683919245
0.970572772933,0.800296203913
0.978033544107,0.801231584691
0.985494315282,0.805129004599
0.992955086457,0.810195650479
1.00041585763,0.811131031257
1.00787662881,0.8135474316
1.01533739998,0.81650947073
1.02279817116,0.81650947073
1.03025894233,0.81650947073
1.0377197135,0.819549458259
1.04518048468,0.822355600592
1.05264125585,0.823368929768
1.06010202703,0.831397614779
1.0675627982,0.833190427937
1.07502356938,0.834203757113
1.08248434055,0.839114506197
1.08994511173,0.840127835373
1.0974058829,0.840127835373
1.10486665408,0.844960636059
1.11232742525,0.844960636059
1.11978819643,0.844960636059
1.1272489676,0.844960636059
1.13470973878,0.844960636059
1.14217050995,0.850572920726
1.14963128112,0.855795463403
1.1570920523,0.85719853457
1.16455282347,0.860394418895
1.17201359465,0.862265180451
1.17947436582,0.862265180451
1.186935137,0.862576974043
1.19439590817,0.862576974043
1.20185667935,0.864681580794
1.20931745052,0.864681580794
1.2167782217,0.864681580794
1.22423899287,0.86569490997
1.23169976405,0.86569490997
1.23916053522,0.866006703562
1.24662130639,0.867253877933
1.25408207757,0.867253877933
1.26154284874,0.872788214202
1.26900361992,0.875360511341
1.27646439109,0.876841530907
1.28392516227,0.876841530907
1.29138593344,0.876841530907
1.29884670462,0.876841530907
1.30630747579,0.879569724842
1.31376824697,0.879569724842
1.32122901814,0.879569724842
1.32868978932,0.880816899213
1.33615056049,0.881206641204
1.34361133167,0.883155351158
1.35107210284,0.883155351158
1.35853287401,0.884558422324
1.36599364519,0.884558422324
1.37345441636,0.887988151843
1.38091518754,0.890092758594
1.38837595871,0.891339932964
1.39583672989,0.895081456076
1.40329750106,0.895081456076
1.41075827224,0.899290669577
1.41821904341,0.899290669577
1.42567981459,0.899290669577
1.43314058576,0.900070153558
1.44060135694,0.900070153558
1.44806212811,0.901239379531
1.45552289929,0.901239379531
1.46298367046,0.901239379531
1.47044444163,0.901239379531
1.47790521281,0.901785018318
1.48536598398,0.902486553901
1.49282675516,0.904902954244
1.50028752633,0.904902954244
1.50774829751,0.90552654143
1.51520906868,0.90552654143
1.52266983986,0.909813703328
1.53013061103,0.909813703328
1.53759138221,0.910827032504
1.54505215338,0.910827032504
1.55251292456,0.912619845662
1.55997369573,0.914178813625
1.56743446691,0.916049575181
1.57489523808,0.916049575181
1.58235600925,0.91737469795
1.58981678043,0.91737469795
1.5972775516,0.918699820719
1.60473832278,0.918699820719
1.61219909395,0.920492633876
1.61965986513,0.921350066256
1.6271206363,0.923454673006
1.63458140748,0.923688518201
1.64204217865,0.924857744173
1.64950294983,0.926728505729
1.656963721,0.927430041313
1.66442449218,0.92883311248
1.67188526335,0.929378751267
1.67934603452,0.930314132045
1.6868068057,0.930314132045
1.69426757687,0.934523345545
1.70172834805,0.935926416712
1.70918911922,0.935926416712
1.7166498904,0.935926416712
1.72411066157,0.935926416712
1.73157143275,0.936939745888
1.73903220392,0.936939745888
1.7464929751,0.937485384675
1.75395374627,0.938420765453
1.76141451745,0.938420765453
1.76887528862,0.938420765453
1.7763360598,0.940291527009
1.78379683097,0.940915114194
1.79125760214,0.940915114194
1.79871837332,0.942006391769
1.80617914449,0.942006391769
1.81363991567,0.944033050121
1.82110068684,0.944033050121
1.82856145802,0.944033050121
1.83602222919,0.944033050121
1.84348300037,0.94450074051
1.85094377154,0.945202276093
1.85840454272,0.945669966482
1.86586531389,0.94574791488
1.87332608507,0.94574791488
1.88078685624,0.94574791488
1.88824762742,0.94574791488
1.89570839859,0.946371502066
1.90316916976,0.946371502066
1.91062994094,0.946371502066
1.91809071211,0.946371502066
1.92555148329,0.946371502066
1.93301225446,0.947618676436
1.94047302564,0.947618676436
1.94793379681,0.949021747603
1.95539456799,0.949021747603
1.96285533916,0.949255592798
1.97031611034,0.949255592798
1.97777688151,0.950190973575
1.98523765269,0.950190973575
1.99269842386,0.950346870372
2.00015919503,0.950346870372
2.00761996621,0.950346870372
2.01508073738,0.953932496687
2.02254150856,0.953932496687
2.03000227973,0.953932496687
2.03746305091,0.953932496687
2.04492382208,0.953932496687
2.05238459326,0.954322238678
2.05984536443,0.954322238678
2.06730613561,0.956894535817
2.07476690678,0.957985813392
2.08222767796,0.958765297373
2.08968844913,0.958765297373
2.09714922031,0.958765297373
2.10460999148,0.958765297373
2.11207076265,0.959700678151
2.11953153383,0.960480162133
2.126992305,0.960480162133
2.13445307618,0.960480162133
2.14191384735,0.960480162133
2.14937461853,0.960636058929
2.1568353897,0.960636058929
2.16429616088,0.960636058929
2.17175693205,0.961181697716
2.17921770323,0.961181697716
2.1866784744,0.962117078494
2.19413924558,0.962818614077
2.20160001675,0.962818614077
2.20906078793,0.962818614077
2.2165215591,0.962818614077
2.22398233027,0.962818614077
2.23144310145,0.964455530439
2.23890387262,0.964455530439
2.2463646438,0.964533478837
2.25382541497,0.964533478837
2.26128618615,0.9660924468
2.26874695732,0.966170395198
2.2762077285,0.966170395198
2.28366849967,0.966170395198
2.29112927085,0.966170395198
2.29859004202,0.966170395198
2.3060508132,0.966170395198
2.31351158437,0.966170395198
2.32097235555,0.966170395198
2.32843312672,0.967417569569
2.33589389789,0.967417569569
2.34335466907,0.967417569569
2.35081544024,0.970691402292
2.35827621142,0.970691402292
2.36573698259,0.970691402292
2.37319775377,0.970691402292
2.38065852494,0.970691402292
2.38811929612,0.972250370255
2.39558006729,0.972250370255
2.40304083847,0.972250370255
2.41050160964,0.972250370255
2.41796238082,0.972250370255
2.42542315199,0.972250370255
2.43288392316,0.973887286616
2.44034469434,0.973887286616
2.44780546551,0.973887286616
2.45526623669,0.973887286616
2.46272700786,0.973887286616
2.47018777904,0.973887286616
2.47764855021,0.974744718996
2.48510932139,0.975758048172
2.49257009256,0.975758048172
2.50003086374,0.975758048172
2.50749163491,0.975758048172
2.51495240609,0.975758048172
2.52241317726,0.975758048172
2.52987394844,0.975758048172
2.53733471961,0.978096500117
2.54479549078,0.978096500117
2.55225626196,0.978096500117
2.55971703313,0.978096500117
2.56717780431,0.978875984099
2.57463857548,0.978875984099
2.58209934666,0.978875984099
2.58956011783,0.979343674487
2.59702088901,0.979343674487
2.60448166018,0.979343674487
2.61194243136,0.979577519682
2.61940320253,0.980434952062
2.62686397371,0.980434952062
2.63432474488,0.980434952062
2.64178551606,0.981526229636
2.64924628723,0.981838023229
2.6567070584,0.981838023229
2.66416782958,0.981838023229
2.67162860075,0.981838023229
2.67908937193,0.981838023229
2.6865501431,0.981838023229
2.69401091428,0.983319042794
2.70147168545,0.983319042794
2.70893245663,0.983319042794
2.7163932278,0.983319042794
2.72385399898,0.983319042794
2.73131477015,0.983319042794
2.73877554133,0.983319042794
2.7462363125,0.983319042794
2.75369708368,0.983319042794
2.76115785485,0.983319042794
2.76861862602,0.983319042794
2.7760793972,0.983319042794
2.78354016837,0.983319042794
2.79100093955,0.983319042794
2.79846171072,0.983319042794
2.8059224819,0.983319042794
2.81338325307,0.984020578377
2.82084402425,0.984020578377
2.82830479542,0.984020578377
2.8357655666,0.984020578377
2.84322633777,0.984020578377
2.85068710895,0.98433237197
2.85814788012,0.98433237197
2.86560865129,0.98433237197
2.87306942247,0.98433237197
2.88053019364,0.98433237197
2.88799096482,0.98433237197
2.89545173599,0.98433237197
2.90291250717,0.98433237197
2.91037327834,0.98433237197
2.91783404952,0.98433237197
2.92529482069,0.98433237197
2.93275559187,0.98433237197
2.94021636304,0.98433237197
2.94767713422,0.984878010757
2.95513790539,0.98557954634
2.96259867657,0.98557954634
2.97005944774,0.985813391535
2.97752021891,0.985813391535
2.98498099009,0.985813391535
2.99244176126,0.985813391535
2.99990253244,0.985813391535
3.00736330361,0.985813391535
3.01482407479,0.985813391535
3.02228484596,0.986748772313
3.02974561714,0.986748772313
3.03720638831,0.98815184348
3.04466715949,0.98815184348
3.05212793066,0.98815184348
3.05958870184,0.988385688674
3.06704947301,0.988385688674
3.07451024419,0.988385688674
3.08197101536,0.988385688674
3.08943178653,0.988385688674
3.09689255771,0.988385688674
3.10435332888,0.988385688674
3.11181410006,0.989009275859
3.11927487123,0.989009275859
3.12673564241,0.989009275859
3.13419641358,0.989009275859
3.14165718476,0.989009275859
3.14911795593,0.989321069452
3.15657872711,0.989321069452
3.16403949828,0.989321069452
3.17150026946,0.989321069452
3.17896104063,0.989321069452
3.1864218118,0.989321069452
3.19388258298,0.989321069452
3.20134335415,0.989321069452
3.20880412533,0.989321069452
3.2162648965,0.989321069452
3.22372566768,0.989321069452
3.23118643885,0.989321069452
3.23864721003,0.989321069452
3.2461079812,0.989321069452
3.25356875238,0.989321069452
3.26102952355,0.98939901785
3.26849029473,0.989632863045
3.2759510659,0.989632863045
3.28341183708,0.989632863045
3.29087260825,0.989632863045
3.29833337942,0.989632863045
3.3057941506,0.990957985813
3.31325492177,0.990957985813
3.32071569295,0.990957985813
3.32817646412,0.990957985813
3.3356372353,0.990957985813
3.34309800647,0.990957985813
3.35055877765,0.991269779406
3.35801954882,0.991269779406
3.36548032,0.991269779406
3.37294109117,0.991581572999
3.38040186235,0.991581572999
3.38786263352,0.991737469795
3.3953234047,0.991737469795
3.40278417587,0.991737469795
3.41024494704,0.991737469795
3.41770571822,0.991737469795
3.42516648939,0.991737469795
3.43262726057,0.991737469795
3.44008803174,0.991737469795
3.44754880292,0.991737469795
3.45500957409,0.991737469795
3.46247034527,0.991737469795
3.46993111644,0.991737469795
3.47739188762,0.991737469795
3.48485265879,0.991737469795
3.49231342997,0.991737469795
3.49977420114,0.991737469795
3.50723497232,0.991971314989
3.51469574349,0.991971314989
3.52215651466,0.991971314989
3.52961728584,0.991971314989
3.53707805701,0.991971314989
3.54453882819,0.991971314989
3.55199959936,0.991971314989
3.55946037054,0.991971314989
3.56692114171,0.991971314989
3.57438191289,0.991971314989
3.58184268406,0.991971314989
3.58930345524,0.991971314989
3.59676422641,0.991971314989
3.60422499759,0.991971314989
3.61168576876,0.991971314989
3.61914653993,0.991971314989
3.62660731111,0.991971314989
3.63406808228,0.991971314989
3.64152885346,0.991971314989
3.64898962463,0.991971314989
3.65645039581,0.992750798971
3.66391116698,0.992750798971
3.67137193816,0.992750798971
3.67883270933,0.992750798971
3.68629348051,0.992750798971
3.69375425168,0.992750798971
3.70121502286,0.992750798971
3.70867579403,0.992750798971
3.71613656521,0.992750798971
3.72359733638,0.992750798971
3.73105810755,0.992750798971
3.73851887873,0.992750798971
3.7459796499,0.992750798971
3.75344042108,0.992750798971
3.76090119225,0.992750798971
3.76836196343,0.992750798971
3.7758227346,0.992750798971
3.78328350578,0.992750798971
3.79074427695,0.992750798971
3.79820504813,0.992750798971
3.8056658193,0.992750798971
3.81312659048,0.992750798971
3.82058736165,0.992906695767
3.82804813283,0.992906695767
3.835508904,0.992906695767
3.84296967517,0.992906695767
3.85043044635,0.992906695767
3.85789121752,0.992906695767
3.8653519887,0.992906695767
3.87281275987,0.992906695767
3.88027353105,0.992906695767
3.88773430222,0.992906695767
3.8951950734,0.992906695767
3.90265584457,0.993140540962
3.91011661575,0.993140540962
3.91757738692,0.993140540962
3.9250381581,0.993140540962
3.93249892927,0.993140540962
3.93995970044,0.993140540962
3.94742047162,0.993140540962
3.95488124279,0.993140540962
3.96234201397,0.993140540962
3.96980278514,0.993140540962
3.97726355632,0.993140540962
3.98472432749,0.993140540962
3.99218509867,0.993140540962
3.99964586984,0.993140540962
4.00710664102,0.993140540962
4.01456741219,0.993140540962
4.02202818337,0.993140540962
4.02948895454,0.993140540962
4.03694972572,0.993140540962
4.04441049689,0.993140540962
4.05187126806,0.993140540962
4.05933203924,0.993140540962
4.06679281041,0.993140540962
4.07425358159,0.993140540962
4.08171435276,0.993140540962
4.08917512394,0.993140540962
4.09663589511,0.994465663731
4.10409666629,0.994465663731
4.11155743746,0.994465663731
4.11901820864,0.994465663731
4.12647897981,0.994465663731
4.13393975099,0.994465663731
4.14140052216,0.994465663731
4.14886129334,0.994465663731
4.15632206451,0.994465663731
4.16378283568,0.994465663731
4.17124360686,0.994699508925
4.17870437803,0.994699508925
4.18616514921,0.994699508925
4.19362592038,0.994699508925
4.20108669156,0.994699508925
4.20854746273,0.994699508925
4.21600823391,0.994699508925
4.22346900508,0.994699508925
4.23092977626,0.994699508925
4.23839054743,0.994699508925
4.24585131861,0.994699508925
4.25331208978,0.994699508925
4.26077286096,0.994699508925
4.26823363213,0.994699508925
4.2756944033,0.994699508925
4.28315517448,0.994855405721
4.29061594565,0.994855405721
4.29807671683,0.994855405721
4.305537488,0.994855405721
4.31299825918,0.994855405721
4.32045903035,0.994855405721
4.32791980153,0.994855405721
4.3353805727,0.994855405721
4.34284134388,0.994855405721
4.35030211505,0.994855405721
4.35776288623,0.994855405721
4.3652236574,0.994855405721
4.37268442857,0.994855405721
4.38014519975,0.994855405721
4.38760597092,0.994855405721
4.3950667421,0.994855405721
4.40252751327,0.994855405721
4.40998828445,0.994855405721
4.41744905562,0.994855405721
4.4249098268,0.994855405721
4.43237059797,0.994855405721
4.43983136915,0.994855405721
4.44729214032,0.994855405721
4.4547529115,0.994855405721
4.46221368267,0.994855405721
4.46967445385,0.994855405721
4.47713522502,0.994855405721
4.48459599619,0.994855405721
4.49205676737,0.994855405721
4.49951753854,0.994855405721
4.50697830972,0.994855405721
4.51443908089,0.99532309611
4.52189985207,0.99532309611
4.52936062324,0.99532309611
4.53682139442,0.99532309611
4.54428216559,0.99532309611
4.55174293677,0.99532309611
4.55920370794,0.99532309611
4.56666447912,0.99532309611
4.57412525029,0.99532309611
4.58158602147,0.995401044509
4.58904679264,0.995401044509
4.59650756381,0.995401044509
4.60396833499,0.995401044509
4.61142910616,0.995401044509
4.61888987734,0.995712838101
4.62635064851,0.995712838101
4.63381141969,0.995712838101
4.64127219086,0.995712838101
4.64873296204,0.995712838101
4.65619373321,0.995712838101
4.66365450439,0.995712838101
4.67111527556,0.995712838101
4.67857604674,0.995712838101
4.68603681791,0.995946683296
4.69349758909,0.995946683296
4.70095836026,0.995946683296
4.70841913143,0.995946683296
4.71587990261,0.995946683296
4.72334067378,0.995946683296
4.73080144496,0.995946683296
4.73826221613,0.995946683296
4.74572298731,0.995946683296
4.75318375848,0.995946683296
4.76064452966,0.995946683296
4.76810530083,0.995946683296
4.77556607201,0.995946683296
4.78302684318,0.995946683296
4.79048761436,0.995946683296
4.79794838553,0.995946683296
4.8054091567,0.995946683296
4.81286992788,0.995946683296
4.82033069905,0.995946683296
4.82779147023,0.995946683296
4.8352522414,0.995946683296
4.84271301258,0.995946683296
4.85017378375,0.995946683296
4.85763455493,0.995946683296
4.8650953261,0.995946683296
4.87255609728,0.995946683296
4.88001686845,0.995946683296
4.88747763963,0.995946683296
4.8949384108,0.995946683296
4.90239918198,0.995946683296
4.90985995315,0.995946683296
4.91732072432,0.995946683296
4.9247814955,0.995946683296
4.93224226667,0.995946683296
4.93970303785,0.995946683296
4.94716380902,0.996102580092
4.9546245802,0.996102580092
4.96208535137,0.996102580092
4.96954612255,0.996102580092
4.97700689372,0.996102580092
4.9844676649,0.996102580092
4.99192843607,0.996102580092
4.99938920725,0.996102580092
5.00684997842,0.996102580092
5.0143107496,0.996102580092
5.02177152077,0.996102580092
5.02923229194,0.996102580092
5.03669306312,0.996102580092
5.04415383429,0.996102580092
5.05161460547,0.996102580092
5.05907537664,0.996102580092
5.06653614782,0.996102580092
5.07399691899,0.996102580092
5.08145769017,0.996102580092
5.08891846134,0.996102580092
5.09637923252,0.996102580092
5.10384000369,0.996102580092
5.11130077487,0.996102580092
5.11876154604,0.996414373685
5.12622231721,0.996414373685
5.13368308839,0.996414373685
5.14114385956,0.996414373685
5.14860463074,0.996414373685
5.15606540191,0.996414373685
5.16352617309,0.996414373685
5.17098694426,0.996414373685
5.17844771544,0.996414373685
5.18590848661,0.996414373685
5.19336925779,0.996414373685
5.20083002896,0.996414373685
5.20829080014,0.996414373685
5.21575157131,0.996414373685
5.22321234249,0.996414373685
5.23067311366,0.996414373685
5.23813388483,0.996414373685
5.24559465601,0.996414373685
5.25305542718,0.996414373685
5.26051619836,0.996414373685
5.26797696953,0.996414373685
5.27543774071,0.996414373685
5.28289851188,0.996414373685
5.29035928306,0.996882064074
5.29782005423,0.997193857666
5.30528082541,0.997193857666
5.31274159658,0.997193857666
5.32020236776,0.997427702861
5.32766313893,0.997427702861
5.33512391011,0.997427702861
5.34258468128,0.997427702861
5.35004545245,0.997427702861
5.35750622363,0.997427702861
5.3649669948,0.997427702861
5.37242776598,0.997427702861
5.37988853715,0.997427702861
5.38734930833,0.997427702861
5.3948100795,0.997427702861
5.40227085068,0.997427702861
5.40973162185,0.997427702861
5.41719239303,0.997427702861
5.4246531642,0.997427702861
5.43211393538,0.997427702861
5.43957470655,0.997427702861
5.44703547773,0.997427702861
5.4544962489,0.997427702861
5.46195702007,0.997427702861
5.46941779125,0.997427702861
5.47687856242,0.997427702861
5.4843393336,0.997427702861
5.49180010477,0.997427702861
5.49926087595,0.997427702861
5.50672164712,0.997427702861
5.5141824183,0.997427702861
5.52164318947,0.997427702861
5.52910396065,0.997427702861
5.53656473182,0.997427702861
5.544025503,0.997427702861
5.55148627417,0.997427702861
5.55894704534,0.997427702861
5.56640781652,0.997427702861
5.57386858769,0.997427702861
5.58132935887,0.997427702861
5.58879013004,0.997427702861
5.59625090122,0.997427702861
5.60371167239,0.997427702861
5.61117244357,0.997427702861
5.61863321474,0.997427702861
5.62609398592,0.997427702861
5.63355475709,0.997427702861
5.64101552827,0.997427702861
5.64847629944,0.997427702861
5.65593707062,0.997583599657
5.66339784179,0.997583599657
5.67085861296,0.997583599657
5.67831938414,0.997583599657
5.68578015531,0.997583599657
5.69324092649,0.997583599657
5.70070169766,0.997583599657
5.70816246884,0.997583599657
5.71562324001,0.997739496453
5.72308401119,0.997739496453
5.73054478236,0.997739496453
5.73800555354,0.997739496453
5.74546632471,0.997739496453
5.75292709589,0.997739496453
5.76038786706,0.997739496453
5.76784863824,0.997739496453
5.77530940941,0.997739496453
5.78277018058,0.997739496453
5.79023095176,0.997739496453
5.79769172293,0.997739496453
5.80515249411,0.997739496453
5.81261326528,0.997739496453
5.82007403646,0.997739496453
5.82753480763,0.997739496453
5.83499557881,0.997739496453
5.84245634998,0.997739496453
5.84991712116,0.997739496453
5.85737789233,0.997739496453
5.86483866351,0.997739496453
5.87229943468,0.997739496453
5.87976020585,0.997739496453
5.88722097703,0.997739496453
5.8946817482,0.997739496453
5.90214251938,0.997739496453
5.90960329055,0.997739496453
5.91706406173,0.997739496453
5.9245248329,0.997739496453
5.93198560408,0.997739496453
5.93944637525,0.997739496453
5.94690714643,0.997739496453
5.9543679176,0.997739496453
5.96182868878,0.997739496453
5.96928945995,0.997739496453
5.97675023113,0.997739496453
5.9842110023,0.997739496453
5.99167177347,0.997739496453
5.99913254465,0.997739496453
6.00659331582,0.997739496453
6.014054087,0.997739496453
6.02151485817,0.997739496453
6.02897562935,0.997739496453
6.03643640052,0.997739496453
6.0438971717,0.997739496453
6.05135794287,0.997739496453
6.05881871405,0.997739496453
6.06627948522,0.997739496453
6.0737402564,0.997739496453
6.08120102757,0.997739496453
6.08866179875,0.997739496453
6.09612256992,0.997739496453
6.10358334109,0.997739496453
6.11104411227,0.997739496453
6.11850488344,0.997739496453
6.12596565462,0.997739496453
6.13342642579,0.997739496453
6.14088719697,0.997739496453
6.14834796814,0.997739496453
6.15580873932,0.997739496453
6.16326951049,0.997739496453
6.17073028167,0.997739496453
6.17819105284,0.997739496453
6.18565182402,0.997739496453
6.19311259519,0.997739496453
6.20057336637,0.997739496453
6.20803413754,0.997739496453
6.21549490871,0.997739496453
6.22295567989,0.997739496453
6.23041645106,0.997739496453
6.23787722224,0.997739496453
6.24533799341,0.997739496453
6.25279876459,0.997739496453
6.26025953576,0.997739496453
6.26772030694,0.997739496453
6.27518107811,0.997739496453
6.28264184929,0.997739496453
6.29010262046,0.997739496453
6.29756339164,0.997739496453
6.30502416281,0.997739496453
6.31248493398,0.997739496453
6.31994570516,0.997739496453
6.32740647633,0.997739496453
6.33486724751,0.997739496453
6.34232801868,0.997739496453
6.34978878986,0.997739496453
6.35724956103,0.997739496453
6.36471033221,0.997739496453
6.37217110338,0.997739496453
6.37963187456,0.997739496453
6.38709264573,0.997739496453
6.39455341691,0.997739496453
6.40201418808,0.997739496453
6.40947495926,0.997739496453
6.41693573043,0.997739496453
6.4243965016,0.997739496453
6.43185727278,0.997739496453
6.43931804395,0.997739496453
6.44677881513,0.997739496453
6.4542395863,0.997739496453
6.46170035748,0.997739496453
6.46916112865,0.997739496453
6.47662189983,0.997739496453
6.484082671,0.997739496453
6.49154344218,0.997739496453
6.49900421335,0.997739496453
6.50646498453,0.997739496453
6.5139257557,0.997739496453
6.52138652688,0.997739496453
6.52884729805,0.997739496453
6.53630806922,0.997739496453
6.5437688404,0.997739496453
6.55122961157,0.997739496453
6.55869038275,0.997739496453
6.56615115392,0.997739496453
6.5736119251,0.997739496453
6.58107269627,0.997739496453
6.58853346745,0.997739496453
6.59599423862,0.997739496453
6.6034550098,0.997739496453
6.61091578097,0.997739496453
6.61837655215,0.997739496453
6.62583732332,0.997739496453
6.63329809449,0.997739496453
6.64075886567,0.997739496453
6.64821963684,0.997739496453
6.65568040802,0.997739496453
6.66314117919,0.997739496453
6.67060195037,0.997739496453
6.67806272154,0.997739496453
6.68552349272,0.997739496453
6.69298426389,0.997739496453
6.70044503507,0.997739496453
6.70790580624,0.997739496453
6.71536657742,0.997739496453
6.72282734859,0.997739496453
6.73028811977,0.997739496453
6.73774889094,0.997739496453
6.74520966211,0.997739496453
6.75267043329,0.997739496453
6.76013120446,0.997739496453
6.76759197564,0.997739496453
6.77505274681,0.997739496453
6.78251351799,0.997739496453
6.78997428916,0.997739496453
6.79743506034,0.997739496453
6.80489583151,0.997739496453
6.81235660269,0.997739496453
6.81981737386,0.997739496453
6.82727814504,0.997739496453
6.83473891621,0.997739496453
6.84219968739,0.997739496453
6.84966045856,0.997739496453
6.85712122973,0.997739496453
6.86458200091,0.997739496453
6.87204277208,0.997739496453
6.87950354326,0.997739496453
6.88696431443,0.997739496453
6.89442508561,0.997739496453
6.90188585678,0.997739496453
6.90934662796,0.997739496453
6.91680739913,0.997739496453
6.92426817031,0.997739496453
6.93172894148,0.997739496453
6.93918971266,0.997739496453
6.94665048383,0.997739496453
6.95411125501,0.998207186842
6.96157202618,0.998207186842
6.96903279735,0.998518980435
6.97649356853,0.998518980435
6.9839543397,0.998518980435
6.99141511088,0.998518980435
6.99887588205,0.998518980435
7.00633665323,0.998518980435
7.0137974244,0.998518980435
7.02125819558,0.998518980435
7.02871896675,0.998518980435
7.03617973793,0.998518980435
7.0436405091,0.998518980435
7.05110128028,0.998518980435
7.05856205145,0.998518980435
7.06602282262,0.998518980435
7.0734835938,0.998518980435
7.08094436497,0.998518980435
7.08840513615,0.998518980435
7.09586590732,0.998518980435
7.1033266785,0.998518980435
7.11078744967,0.998518980435
7.11824822085,0.998518980435
7.12570899202,0.998518980435
7.1331697632,0.998518980435
7.14063053437,0.998518980435
7.14809130555,0.998518980435
7.15555207672,0.998518980435
7.1630128479,0.998518980435
7.17047361907,0.998518980435
7.17793439024,0.998518980435
7.18539516142,0.998518980435
7.19285593259,0.998518980435
7.20031670377,0.998518980435
7.20777747494,0.998518980435
7.21523824612,0.998518980435
7.22269901729,0.998518980435
7.23015978847,0.998518980435
7.23762055964,0.998518980435
7.24508133082,0.998518980435
7.25254210199,0.998518980435
7.26000287317,0.998518980435
7.26746364434,0.998518980435
7.27492441552,0.998518980435
7.28238518669,0.998518980435
7.28984595786,0.998518980435
7.29730672904,0.998518980435
7.30476750021,0.998518980435
7.31222827139,0.998518980435
7.31968904256,0.998518980435
7.32714981374,0.998518980435
7.33461058491,0.998518980435
7.34207135609,0.998518980435
7.34953212726,0.998518980435
7.35699289844,0.998518980435
7.36445366961,0.998518980435
7.37191444079,0.998518980435
7.37937521196,0.998518980435
7.38683598314,0.998518980435
7.39429675431,0.998518980435
7.40175752548,0.998518980435
7.40921829666,0.998518980435
7.41667906783,0.998518980435
7.42413983901,0.998518980435
7.43160061018,0.998518980435
7.43906138136,0.998518980435
7.44652215253,0.998518980435
7.45398292371,0.998518980435
7.46144369488,0.998518980435
7.46890446606,0.998518980435
7.47636523723,0.998518980435
7.48382600841,0.998518980435
7.49128677958,0.998518980435
7.49874755075,0.998518980435
7.50620832193,0.998518980435
7.5136690931,0.998518980435
7.52112986428,0.998518980435
7.52859063545,0.998518980435
7.53605140663,0.998518980435
7.5435121778,0.998518980435
7.55097294898,0.998518980435
7.55843372015,0.998518980435
7.56589449133,0.998518980435
7.5733552625,0.998518980435
7.58081603368,0.998518980435
7.58827680485,0.998518980435
7.59573757603,0.998518980435
7.6031983472,0.998518980435
7.61065911837,0.998518980435
7.61811988955,0.998518980435
7.62558066072,0.998518980435
7.6330414319,0.998518980435
7.64050220307,0.998518980435
7.64796297425,0.998518980435
7.65542374542,0.998518980435
7.6628845166,0.998518980435
7.67034528777,0.998518980435
7.67780605895,0.998518980435
7.68526683012,0.998518980435
7.6927276013,0.998518980435
7.70018837247,0.998518980435
7.70764914365,0.998518980435
7.71510991482,0.998518980435
7.72257068599,0.998518980435
7.73003145717,0.998518980435
7.73749222834,0.998518980435
7.74495299952,0.998518980435
7.75241377069,0.998518980435
7.75987454187,0.998518980435
7.76733531304,0.998518980435
7.77479608422,0.998518980435
7.78225685539,0.998518980435
7.78971762657,0.998518980435
7.79717839774,0.998518980435
7.80463916892,0.998518980435
7.81209994009,0.998518980435
7.81956071126,0.998518980435
7.82702148244,0.998518980435
7.83448225361,0.998518980435
7.84194302479,0.998518980435
7.84940379596,0.998518980435
7.85686456714,0.998518980435
7.86432533831,0.998518980435
7.87178610949,0.998518980435
7.87924688066,0.998518980435
7.88670765184,0.998518980435
7.89416842301,0.998518980435
7.90162919419,0.998518980435
7.90908996536,0.998518980435
7.91655073654,0.998518980435
7.92401150771,0.998518980435
7.93147227888,0.998518980435
7.93893305006,0.998518980435
7.94639382123,0.998518980435
7.95385459241,0.998518980435
7.96131536358,0.998518980435
7.96877613476,0.998518980435
7.97623690593,0.998518980435
7.98369767711,0.998518980435
7.99115844828,0.998518980435
7.99861921946,0.998518980435
8.00607999063,0.998518980435
8.01354076181,0.998518980435
8.02100153298,0.998518980435
8.02846230416,0.998518980435
8.03592307533,0.998752825629
8.0433838465,0.998752825629
8.05084461768,0.998752825629
8.05830538885,0.998752825629
8.06576616003,0.998752825629
8.0732269312,0.998752825629
8.08068770238,0.998752825629
8.08814847355,0.998752825629
8.09560924473,0.998752825629
8.1030700159,0.998752825629
8.11053078708,0.998752825629
8.11799155825,0.998752825629
8.12545232943,0.998752825629
8.1329131006,0.998752825629
8.14037387178,0.998752825629
8.14783464295,0.998752825629
8.15529541412,0.998752825629
8.1627561853,0.998752825629
8.17021695647,0.998752825629
8.17767772765,0.998752825629
8.18513849882,0.998752825629
8.19259927,0.998752825629
8.20006004117,0.998752825629
8.20752081235,0.998752825629
8.21498158352,0.998752825629
8.2224423547,0.998752825629
8.22990312587,0.998752825629
8.23736389705,0.998752825629
8.24482466822,0.998752825629
8.25228543939,0.998752825629
8.25974621057,0.998752825629
8.26720698174,0.998752825629
8.27466775292,0.998752825629
8.28212852409,0.998752825629
8.28958929527,0.998752825629
8.29705006644,0.998752825629
8.30451083762,0.998752825629
8.31197160879,0.998752825629
8.31943237997,0.998752825629
8.32689315114,0.998752825629
8.33435392232,0.998752825629
8.34181469349,0.998752825629
8.34927546467,0.998752825629
8.35673623584,0.998752825629
8.36419700701,0.998752825629
8.37165777819,0.998752825629
8.37911854936,0.998752825629
8.38657932054,0.998752825629
8.39404009171,0.998752825629
8.40150086289,0.998908722426
8.40896163406,0.998908722426
8.41642240524,0.998908722426
8.42388317641,0.998908722426
8.43134394759,0.998908722426
8.43880471876,0.998908722426
8.44626548994,0.998908722426
8.45372626111,0.998908722426
8.46118703229,0.998908722426
8.46864780346,0.998908722426
8.47610857463,0.998908722426
8.48356934581,0.998908722426
8.49103011698,0.998908722426
8.49849088816,0.998908722426
8.50595165933,0.998908722426
8.51341243051,0.998908722426
8.52087320168,0.998908722426
8.52833397286,0.998908722426
8.53579474403,0.998908722426
8.54325551521,0.998908722426
8.55071628638,0.998908722426
8.55817705756,0.998908722426
8.56563782873,0.998908722426
8.5730985999,0.998908722426
8.58055937108,0.998908722426
8.58802014225,0.998908722426
8.59548091343,0.998908722426
8.6029416846,0.998908722426
8.61040245578,0.998908722426
8.61786322695,0.998908722426
8.62532399813,0.998908722426
8.6327847693,0.999220516018
8.64024554048,0.999220516018
8.64770631165,0.999220516018
8.65516708283,0.999220516018
8.662627854,0.999220516018
8.67008862518,0.999220516018
8.67754939635,0.999220516018
8.68501016752,0.999220516018
8.6924709387,0.999220516018
8.69993170987,0.999220516018
8.70739248105,0.999220516018
8.71485325222,0.999220516018
8.7223140234,0.999220516018
8.72977479457,0.999220516018
8.73723556575,0.999220516018
8.74469633692,0.999220516018
8.7521571081,0.999220516018
8.75961787927,0.999220516018
8.76707865045,0.999220516018
8.77453942162,0.999220516018
8.7820001928,0.999220516018
8.78946096397,0.999220516018
8.79692173514,0.999220516018
8.80438250632,0.999220516018
8.81184327749,0.999220516018
8.81930404867,0.999220516018
8.82676481984,0.999220516018
8.83422559102,0.999220516018
8.84168636219,0.999220516018
8.84914713337,0.999220516018
8.85660790454,0.999220516018
8.86406867572,0.999220516018
8.87152944689,0.999220516018
8.87899021807,0.999220516018
8.88645098924,0.999220516018
8.89391176042,0.999220516018
8.90137253159,0.999220516018
8.90883330276,0.999220516018
8.91629407394,0.999220516018
8.92375484511,0.999220516018
8.93121561629,0.999220516018
8.93867638746,0.999220516018
8.94613715864,0.999220516018
8.95359792981,0.999220516018
8.96105870099,0.999220516018
8.96851947216,0.999220516018
8.97598024334,0.999220516018
8.98344101451,0.999220516018
8.99090178569,0.999220516018
8.99836255686,0.999220516018
9.00582332803,0.999220516018
9.01328409921,0.999220516018
9.02074487038,0.999220516018
9.02820564156,0.999220516018
9.03566641273,0.999220516018
9.04312718391,0.999220516018
9.05058795508,0.999220516018
9.05804872626,0.999220516018
9.06550949743,0.999220516018
9.07297026861,0.999220516018
9.08043103978,0.999220516018
9.08789181096,0.999220516018
9.09535258213,0.999220516018
9.10281335331,0.999220516018
9.11027412448,0.999220516018
9.11773489565,0.999220516018
9.12519566683,0.999220516018
9.132656438,0.999220516018
9.14011720918,0.999220516018
9.14757798035,0.999220516018
9.15503875153,0.999220516018
9.1624995227,0.999220516018
9.16996029388,0.999220516018
9.17742106505,0.999220516018
9.18488183623,0.999220516018
9.1923426074,0.999220516018
9.19980337858,0.999220516018
9.20726414975,0.999220516018
9.21472492093,0.999220516018
9.2221856921,0.999220516018
9.22964646327,0.999220516018
9.23710723445,0.999220516018
9.24456800562,0.999220516018
9.2520287768,0.999220516018
9.25948954797,0.999220516018
9.26695031915,0.999220516018
9.27441109032,0.999220516018
9.2818718615,0.999220516018
9.28933263267,0.999220516018
9.29679340385,0.999220516018
9.30425417502,0.999220516018
9.3117149462,0.999220516018
9.31917571737,0.999220516018
9.32663648854,0.999220516018
9.33409725972,0.999220516018
9.34155803089,0.999220516018
9.34901880207,0.999220516018
9.35647957324,0.999220516018
9.36394034442,0.999220516018
9.37140111559,0.999220516018
9.37886188677,0.999220516018
9.38632265794,0.999220516018
9.39378342912,0.999220516018
9.40124420029,0.999220516018
9.40870497147,0.999220516018
9.41616574264,0.999220516018
9.42362651382,0.999220516018
9.43108728499,0.999220516018
9.43854805616,0.999220516018
9.44600882734,0.999220516018
9.45346959851,0.999220516018
9.46093036969,0.999220516018
9.46839114086,0.999220516018
9.47585191204,0.999220516018
9.48331268321,0.999220516018
9.49077345439,0.999220516018
9.49823422556,0.999220516018
9.50569499674,0.999220516018
9.51315576791,0.999220516018
9.52061653909,0.999220516018
9.52807731026,0.999220516018
9.53553808144,0.999220516018
9.54299885261,0.999220516018
9.55045962378,0.999220516018
9.55792039496,0.999220516018
9.56538116613,0.999220516018
9.57284193731,0.999220516018
9.58030270848,0.999220516018
9.58776347966,0.999220516018
9.59522425083,0.999220516018
9.60268502201,0.999220516018
9.61014579318,0.999220516018
9.61760656436,0.999220516018
9.62506733553,0.999220516018
9.63252810671,0.999220516018
9.63998887788,0.999220516018
9.64744964906,0.999220516018
9.65491042023,0.999220516018
9.6623711914,0.999220516018
9.66983196258,0.999220516018
9.67729273375,0.999220516018
9.68475350493,0.999220516018
9.6922142761,0.999220516018
9.69967504728,0.999220516018
9.70713581845,0.999220516018
9.71459658963,0.999220516018
9.7220573608,0.999220516018
9.72951813198,0.999220516018
9.73697890315,0.999220516018
9.74443967433,0.999220516018
9.7519004455,0.999220516018
9.75936121667,0.999220516018
9.76682198785,0.999220516018
9.77428275902,0.999220516018
9.7817435302,0.999220516018
9.78920430137,0.999220516018
9.79666507255,0.999220516018
9.80412584372,0.999220516018
9.8115866149,0.999298464417
9.81904738607,0.999298464417
9.82650815725,0.999298464417
9.83396892842,0.999298464417
9.8414296996,0.999298464417
9.84889047077,0.999454361213
9.85635124195,0.999454361213
9.86381201312,0.999454361213
9.87127278429,0.999454361213
9.87873355547,0.999454361213
9.88619432664,0.999454361213
9.89365509782,0.999454361213
9.90111586899,0.999454361213
9.90857664017,0.999454361213
9.91603741134,0.999454361213
9.92349818252,0.999454361213
9.93095895369,0.999454361213
9.93841972487,0.999454361213
9.94588049604,0.999454361213
9.95334126722,0.999454361213
9.96080203839,0.999454361213
9.96826280957,0.999454361213
9.97572358074,0.999454361213
9.98318435191,0.999454361213
9.99064512309,0.999454361213
9.99810589426,0.999454361213
10.0055666654,0.999454361213
10.0130274366,0.999454361213
10.0204882078,0.999454361213
10.027948979,0.999454361213
10.0354097501,0.999454361213
10.0428705213,0.999454361213
10.0503312925,0.999454361213
10.0577920637,0.999454361213
10.0652528348,0.999454361213
10.072713606,0.999454361213
10.0801743772,0.999454361213
10.0876351484,0.999454361213
10.0950959195,0.999454361213
10.1025566907,0.999454361213
10.1100174619,0.999454361213
10.1174782331,0.999454361213
10.1249390042,0.999454361213
10.1323997754,0.999454361213
10.1398605466,0.999454361213
10.1473213178,0.999454361213
10.1547820889,0.999454361213
10.1622428601,0.999454361213
10.1697036313,0.999454361213
10.1771644025,0.999454361213
10.1846251736,0.999454361213
10.1920859448,0.999454361213
10.199546716,0.999454361213
10.2070074872,0.999454361213
10.2144682583,0.999454361213
10.2219290295,0.999454361213
10.2293898007,0.999454361213
10.2368505719,0.999454361213
10.244311343,0.999454361213
10.2517721142,0.999454361213
10.2592328854,0.999454361213
10.2666936566,0.999454361213
10.2741544277,0.999454361213
10.2816151989,0.999454361213
10.2890759701,0.999454361213
10.2965367412,0.999454361213
10.3039975124,0.999454361213
10.3114582836,0.999454361213
10.3189190548,0.999454361213
10.3263798259,0.999454361213
10.3338405971,0.999454361213
10.3413013683,0.999454361213
10.3487621395,0.999454361213
10.3562229106,0.999454361213
10.3636836818,0.999454361213
10.371144453,0.999454361213
10.3786052242,0.999454361213
10.3860659953,0.999454361213
10.3935267665,0.999454361213
10.4009875377,0.999454361213
10.4084483089,0.999454361213
10.41590908,0.999454361213
10.4233698512,0.999454361213
10.4308306224,0.999454361213
10.4382913936,0.999454361213
10.4457521647,0.999454361213
10.4532129359,0.999454361213
10.4606737071,0.999454361213
10.4681344783,0.999454361213
10.4755952494,0.999454361213
10.4830560206,0.999454361213
10.4905167918,0.999454361213
10.497977563,0.999454361213
10.5054383341,0.999454361213
10.5128991053,0.999454361213
10.5203598765,0.999454361213
10.5278206477,0.999454361213
10.5352814188,0.999454361213
10.54274219,0.999454361213
10.5502029612,0.999454361213
10.5576637324,0.999454361213
10.5651245035,0.999454361213
10.5725852747,0.999454361213
10.5800460459,0.999454361213
10.5875068171,0.999454361213
10.5949675882,0.999454361213
10.6024283594,0.999454361213
10.6098891306,0.999454361213
10.6173499018,0.999454361213
10.6248106729,0.999454361213
10.6322714441,0.999454361213
10.6397322153,0.999454361213
10.6471929865,0.999454361213
10.6546537576,0.999454361213
10.6621145288,0.999454361213
10.6695753,0.999454361213
10.6770360712,0.999454361213
10.6844968423,0.999454361213
10.6919576135,0.999454361213
10.6994183847,0.999454361213
10.7068791559,0.999454361213
10.714339927,0.999454361213
10.7218006982,0.999454361213
10.7292614694,0.999454361213
10.7367222406,0.999454361213
10.7441830117,0.999454361213
10.7516437829,0.999454361213
10.7591045541,0.999454361213
10.7665653253,0.999454361213
10.7740260964,0.999454361213
10.7814868676,0.999454361213
10.7889476388,0.999454361213
10.79640841,0.999454361213
10.8038691811,0.999454361213
10.8113299523,0.999454361213
10.8187907235,0.999454361213
10.8262514947,0.999454361213
10.8337122658,0.999454361213
10.841173037,0.999454361213
10.8486338082,0.999454361213
10.8560945793,0.999454361213
10.8635553505,0.999454361213
10.8710161217,0.999454361213
10.8784768929,0.999454361213
10.885937664,0.999454361213
10.8933984352,0.999454361213
10.9008592064,0.999454361213
10.9083199776,0.999454361213
10.9157807487,0.999454361213
10.9232415199,0.999454361213
10.9307022911,0.999454361213
10.9381630623,0.999454361213
10.9456238334,0.999454361213
10.9530846046,0.999454361213
10.9605453758,0.999454361213
10.968006147,0.999454361213
10.9754669181,0.999454361213
10.9829276893,0.999454361213
10.9903884605,0.999454361213
10.9978492317,0.999454361213
11.0053100028,0.999454361213
11.012770774,0.999454361213
11.0202315452,0.999454361213
11.0276923164,0.999454361213
11.0351530875,0.999454361213
11.0426138587,0.999454361213
11.0500746299,0.999454361213
11.0575354011,0.999454361213
11.0649961722,0.999454361213
11.0724569434,0.999454361213
11.0799177146,0.999454361213
11.0873784858,0.999454361213
11.0948392569,0.999454361213
11.1023000281,0.999454361213
11.1097607993,0.999454361213
11.1172215705,0.999454361213
11.1246823416,0.999454361213
11.1321431128,0.999454361213
11.139603884,0.999454361213
11.1470646552,0.999454361213
11.1545254263,0.999454361213
11.1619861975,0.999454361213
11.1694469687,0.999454361213
11.1769077399,0.999454361213
11.184368511,0.999454361213
11.1918292822,0.999454361213
11.1992900534,0.999454361213
11.2067508246,0.999454361213
11.2142115957,0.999454361213
11.2216723669,0.999454361213
11.2291331381,0.999454361213
11.2365939093,0.999454361213
11.2440546804,0.999454361213
11.2515154516,0.999454361213
11.2589762228,0.999454361213
11.266436994,0.999454361213
11.2738977651,0.999454361213
11.2813585363,0.999454361213
11.2888193075,0.999454361213
11.2962800787,0.999454361213
11.3037408498,0.999454361213
11.311201621,0.999454361213
11.3186623922,0.999454361213
11.3261231634,0.999454361213
11.3335839345,0.999454361213
11.3410447057,0.999454361213
11.3485054769,0.999454361213
11.3559662481,0.999454361213
11.3634270192,0.999454361213
11.3708877904,0.999454361213
11.3783485616,0.999454361213
11.3858093327,0.999454361213
11.3932701039,0.999454361213
11.4007308751,0.999454361213
11.4081916463,0.999454361213
11.4156524174,0.999454361213
11.4231131886,0.999454361213
11.4305739598,0.999454361213
11.438034731,0.999454361213
11.4454955021,0.999454361213
11.4529562733,0.999454361213
11.4604170445,0.999454361213
11.4678778157,0.999454361213
11.4753385868,0.999454361213
11.482799358,0.999454361213
11.4902601292,0.999454361213
11.4977209004,0.999454361213
11.5051816715,0.999454361213
11.5126424427,0.999454361213
11.5201032139,0.999454361213
11.5275639851,0.999454361213
11.5350247562,0.999454361213
11.5424855274,0.999454361213
11.5499462986,0.999454361213
11.5574070698,0.999454361213
11.5648678409,0.999454361213
11.5723286121,0.999454361213
11.5797893833,0.999454361213
11.5872501545,0.999454361213
11.5947109256,0.999454361213
11.6021716968,0.999454361213
11.609632468,0.999454361213
11.6170932392,0.999454361213
11.6245540103,0.999454361213
11.6320147815,0.999454361213
11.6394755527,0.999454361213
11.6469363239,0.999454361213
11.654397095,0.999454361213
11.6618578662,0.999454361213
11.6693186374,0.999454361213
11.6767794086,0.999454361213
11.6842401797,0.999454361213
11.6917009509,0.999454361213
11.6991617221,0.999454361213
11.7066224933,0.999454361213
11.7140832644,0.999454361213
11.7215440356,0.999454361213
11.7290048068,0.999454361213
11.736465578,0.999454361213
11.7439263491,0.999454361213
11.7513871203,0.999454361213
11.7588478915,0.999454361213
11.7663086627,0.999454361213
11.7737694338,0.999454361213
11.781230205,0.999454361213
11.7886909762,0.999454361213
11.7961517474,0.999454361213
11.8036125185,0.999454361213
11.8110732897,0.999454361213
11.8185340609,0.999454361213
11.8259948321,0.999454361213
11.8334556032,0.999454361213
11.8409163744,0.999454361213
11.8483771456,0.999454361213
11.8558379168,0.999454361213
11.8632986879,0.999454361213
11.8707594591,0.999454361213
11.8782202303,0.999454361213
11.8856810015,0.999454361213
11.8931417726,0.999454361213
11.9006025438,0.999454361213
11.908063315,0.999454361213
11.9155240861,0.999454361213
11.9229848573,0.999454361213
11.9304456285,0.999454361213
11.9379063997,0.999454361213
11.9453671708,0.999454361213
11.952827942,0.999454361213
11.9602887132,0.999454361213
11.9677494844,0.999454361213
11.9752102555,0.999454361213
11.9826710267,0.999454361213
11.9901317979,0.999454361213
11.9975925691,0.999454361213
12.0050533402,0.999454361213
12.0125141114,0.999454361213
12.0199748826,0.999454361213
12.0274356538,0.999454361213
12.0348964249,0.999454361213
12.0423571961,0.999454361213
12.0498179673,0.999454361213
12.0572787385,0.999454361213
12.0647395096,0.999454361213
12.0722002808,0.999454361213
12.079661052,0.999454361213
12.0871218232,0.999454361213
12.0945825943,0.999454361213
12.1020433655,0.999454361213
12.1095041367,0.999454361213
12.1169649079,0.999454361213
12.124425679,0.999454361213
12.1318864502,0.999454361213
12.1393472214,0.999454361213
12.1468079926,0.999454361213
12.1542687637,0.999454361213
12.1617295349,0.999454361213
12.1691903061,0.999454361213
12.1766510773,0.999454361213
12.1841118484,0.999454361213
12.1915726196,0.999454361213
12.1990333908,0.999454361213
12.206494162,0.999454361213
12.2139549331,0.999454361213
12.2214157043,0.999454361213
12.2288764755,0.999454361213
12.2363372467,0.999454361213
12.2437980178,0.999454361213
12.251258789,0.999454361213
12.2587195602,0.999454361213
12.2661803314,0.999454361213
12.2736411025,0.999454361213
12.2811018737,0.999454361213
12.2885626449,0.999688206407
12.2960234161,0.999688206407
12.3034841872,0.999688206407
12.3109449584,0.999688206407
12.3184057296,0.999688206407
12.3258665008,0.999688206407
12.3333272719,0.999688206407
12.3407880431,0.999688206407
12.3482488143,0.999688206407
12.3557095855,0.999688206407
12.3631703566,0.999688206407
12.3706311278,0.999688206407
12.378091899,0.999688206407
12.3855526702,0.999688206407
12.3930134413,0.999688206407
12.4004742125,0.999688206407
12.4079349837,0.999688206407
12.4153957549,0.999688206407
12.422856526,0.999688206407
12.4303172972,0.999688206407
12.4377780684,0.999688206407
12.4452388396,0.999688206407
12.4526996107,0.999688206407
12.4601603819,0.999688206407
12.4676211531,0.999688206407
12.4750819242,0.999688206407
12.4825426954,0.999688206407
12.4900034666,0.999688206407
12.4974642378,0.999688206407
12.5049250089,0.999688206407
12.5123857801,0.999688206407
12.5198465513,0.999688206407
12.5273073225,0.999688206407
12.5347680936,0.999688206407
12.5422288648,0.999688206407
12.549689636,0.999688206407
12.5571504072,0.999688206407
12.5646111783,0.999688206407
12.5720719495,0.999688206407
12.5795327207,0.999688206407
12.5869934919,0.999688206407
12.594454263,0.999688206407
12.6019150342,0.999688206407
12.6093758054,0.999688206407
12.6168365766,0.999688206407
12.6242973477,0.999688206407
12.6317581189,0.999688206407
12.6392188901,0.999688206407
12.6466796613,0.999688206407
12.6541404324,0.999688206407
12.6616012036,0.999688206407
12.6690619748,0.999688206407
12.676522746,0.999688206407
12.6839835171,0.999688206407
12.6914442883,0.999688206407
12.6989050595,0.999688206407
12.7063658307,0.999688206407
12.7138266018,0.999688206407
12.721287373,0.999688206407
12.7287481442,0.999688206407
12.7362089154,0.999688206407
12.7436696865,0.999688206407
12.7511304577,0.999688206407
12.7585912289,0.999688206407
12.7660520001,0.999688206407
12.7735127712,0.999688206407
12.7809735424,0.999688206407
12.7884343136,0.999688206407
12.7958950848,0.999688206407
12.8033558559,0.999688206407
12.8108166271,0.999688206407
12.8182773983,0.999688206407
12.8257381695,0.999688206407
12.8331989406,0.999688206407
12.8406597118,0.999688206407
12.848120483,0.999688206407
12.8555812542,0.999688206407
12.8630420253,0.999688206407
12.8705027965,0.999688206407
12.8779635677,0.999688206407
12.8854243389,0.999688206407
12.89288511,0.999688206407
12.9003458812,0.999688206407
12.9078066524,0.999688206407
12.9152674236,0.999688206407
12.9227281947,0.999688206407
12.9301889659,0.999688206407
12.9376497371,0.999688206407
12.9451105083,0.999688206407
12.9525712794,0.999688206407
12.9600320506,0.999688206407
12.9674928218,0.999688206407
12.974953593,0.999688206407
12.9824143641,0.999688206407
12.9898751353,0.999688206407
12.9973359065,0.999688206407
13.0047966776,0.999688206407
13.0122574488,0.999688206407
13.01971822,0.999688206407
13.0271789912,0.999688206407
13.0346397623,0.999688206407
13.0421005335,0.999688206407
13.0495613047,0.999688206407
13.0570220759,0.999688206407
13.064482847,0.999688206407
13.0719436182,0.999688206407
13.0794043894,0.999688206407
13.0868651606,0.999688206407
13.0943259317,0.999688206407
13.1017867029,0.999688206407
13.1092474741,0.999688206407
13.1167082453,0.999688206407
13.1241690164,0.999688206407
13.1316297876,0.999688206407
13.1390905588,0.999688206407
13.14655133,0.999688206407
13.1540121011,0.999688206407
13.1614728723,0.999688206407
13.1689336435,0.999688206407
13.1763944147,0.999688206407
13.1838551858,0.999688206407
13.191315957,0.999688206407
13.1987767282,0.999688206407
13.2062374994,0.999688206407
13.2136982705,0.999688206407
13.2211590417,0.999688206407
13.2286198129,0.999688206407
13.2360805841,0.999688206407
13.2435413552,0.999688206407
13.2510021264,0.999688206407
13.2584628976,0.999688206407
13.2659236688,0.999688206407
13.2733844399,0.999766154806
13.2808452111,0.999766154806
13.2883059823,0.999766154806
13.2957667535,0.999766154806
13.3032275246,0.999766154806
13.3106882958,0.999766154806
13.318149067,0.999766154806
13.3256098382,0.999766154806
13.3330706093,0.999766154806
13.3405313805,0.999766154806
13.3479921517,0.999766154806
13.3554529229,0.999766154806
13.362913694,0.999766154806
13.3703744652,0.999766154806
13.3778352364,0.999766154806
13.3852960076,0.999766154806
13.3927567787,0.999766154806
13.4002175499,0.999766154806
13.4076783211,0.999766154806
13.4151390923,0.999766154806
13.4225998634,0.999766154806
13.4300606346,0.999766154806
13.4375214058,0.999766154806
13.444982177,0.999766154806
13.4524429481,0.999766154806
13.4599037193,0.999766154806
13.4673644905,0.999766154806
13.4748252617,0.999766154806
13.4822860328,0.999766154806
13.489746804,0.999766154806
13.4972075752,0.999766154806
13.5046683464,0.999766154806
13.5121291175,0.999766154806
13.5195898887,0.999766154806
13.5270506599,0.999766154806
13.534511431,0.999766154806
13.5419722022,0.999766154806
13.5494329734,0.999766154806
13.5568937446,0.999766154806
13.5643545157,0.999766154806
13.5718152869,0.999766154806
13.5792760581,0.999766154806
13.5867368293,0.999766154806
13.5941976004,0.999766154806
13.6016583716,0.999766154806
13.6091191428,0.999766154806
13.616579914,0.999766154806
13.6240406851,0.999766154806
13.6315014563,0.999766154806
13.6389622275,0.999766154806
13.6464229987,0.999766154806
13.6538837698,0.999766154806
13.661344541,0.999766154806
13.6688053122,0.999766154806
13.6762660834,0.999766154806
13.6837268545,0.999766154806
13.6911876257,0.999766154806
13.6986483969,0.999766154806
13.7061091681,0.999766154806
13.7135699392,0.999766154806
13.7210307104,0.999766154806
13.7284914816,0.999766154806
13.7359522528,0.999766154806
13.7434130239,0.999766154806
13.7508737951,0.999766154806
13.7583345663,0.999766154806
13.7657953375,0.999766154806
13.7732561086,0.999766154806
13.7807168798,0.999766154806
13.788177651,0.999766154806
13.7956384222,0.999766154806
13.8030991933,0.999766154806
13.8105599645,0.999766154806
13.8180207357,0.999766154806
13.8254815069,0.999766154806
13.832942278,0.999766154806
13.8404030492,0.999766154806
13.8478638204,0.999766154806
13.8553245916,0.999766154806
13.8627853627,0.999766154806
13.8702461339,0.999766154806
13.8777069051,0.999766154806
13.8851676763,0.999766154806
13.8926284474,0.999766154806
13.9000892186,0.999766154806
13.9075499898,0.999766154806
13.915010761,0.999766154806
13.9224715321,0.999766154806
13.9299323033,0.999766154806
13.9373930745,0.999766154806
13.9448538457,0.999766154806
13.9523146168,0.999766154806
13.959775388,0.999766154806
13.9672361592,0.999766154806
13.9746969304,0.999766154806
13.9821577015,0.999766154806
13.9896184727,0.999766154806
13.9970792439,0.999766154806
14.0045400151,0.999766154806
14.0120007862,0.999766154806
14.0194615574,0.999766154806
14.0269223286,0.999766154806
14.0343830998,0.999766154806
14.0418438709,0.999766154806
14.0493046421,0.999766154806
14.0567654133,0.999766154806
14.0642261845,0.999766154806
14.0716869556,0.999766154806
14.0791477268,0.999766154806
14.086608498,0.999766154806
14.0940692691,0.999766154806
14.1015300403,0.999766154806
14.1089908115,0.999766154806
14.1164515827,0.999766154806
14.1239123538,0.999766154806
14.131373125,0.999766154806
14.1388338962,0.999766154806
14.1462946674,0.999766154806
14.1537554385,0.999766154806
14.1612162097,0.999766154806
14.1686769809,0.999766154806
14.1761377521,0.999766154806
14.1835985232,0.999766154806
14.1910592944,0.999766154806
14.1985200656,0.999766154806
14.2059808368,0.999766154806
14.2134416079,0.999766154806
14.2209023791,0.999766154806
14.2283631503,0.999766154806
14.2358239215,0.999766154806
14.2432846926,0.999766154806
14.2507454638,0.999766154806
14.258206235,0.999766154806
14.2656670062,0.999766154806
14.2731277773,0.999766154806
14.2805885485,0.999766154806
14.2880493197,0.999766154806
14.2955100909,0.999766154806
14.302970862,0.999766154806
14.3104316332,0.999766154806
14.3178924044,0.999766154806
14.3253531756,0.999766154806
14.3328139467,0.999766154806
14.3402747179,0.999766154806
14.3477354891,0.999766154806
14.3551962603,0.999766154806
14.3626570314,0.999766154806
14.3701178026,0.999766154806
14.3775785738,0.999766154806
14.385039345,0.999766154806
14.3925001161,0.999766154806
14.3999608873,0.999766154806
14.4074216585,0.999766154806
14.4148824297,0.999766154806
14.4223432008,0.999766154806
14.429803972,0.999766154806
14.4372647432,0.999766154806
14.4447255144,0.999766154806
14.4521862855,0.999766154806
14.4596470567,0.999766154806
14.4671078279,0.999766154806
14.4745685991,0.999766154806
14.4820293702,0.999766154806
14.4894901414,0.999766154806
14.4969509126,0.999766154806
14.5044116838,0.999766154806
14.5118724549,0.999766154806
14.5193332261,0.999766154806
14.5267939973,0.999766154806
14.5342547685,0.999766154806
14.5417155396,0.999766154806
14.5491763108,0.999766154806
14.556637082,0.999766154806
14.5640978532,0.999766154806
14.5715586243,0.999766154806
14.5790193955,0.999766154806
14.5864801667,0.999766154806
14.5939409379,0.999766154806
14.601401709,0.999766154806
14.6088624802,0.999766154806
14.6163232514,0.999766154806
14.6237840225,0.999766154806
14.6312447937,0.999766154806
14.6387055649,0.999766154806
14.6461663361,0.999766154806
14.6536271072,0.999766154806
14.6610878784,0.999766154806
14.6685486496,0.999766154806
14.6760094208,0.999766154806
14.6834701919,0.999766154806
14.6909309631,0.999766154806
14.6983917343,0.999766154806
14.7058525055,0.999766154806
14.7133132766,0.999766154806
14.7207740478,0.999766154806
14.728234819,0.999766154806
14.7356955902,0.999766154806
14.7431563613,0.999766154806
14.7506171325,0.999766154806
14.7580779037,0.999766154806
14.7655386749,0.999766154806
14.772999446,0.999766154806
14.7804602172,0.999766154806
14.7879209884,0.999766154806
14.7953817596,0.999766154806
14.8028425307,0.999766154806
14.8103033019,0.999766154806
14.8177640731,0.999766154806
14.8252248443,0.999766154806
14.8326856154,0.999766154806
14.8401463866,0.999766154806
14.8476071578,0.999766154806
14.855067929,0.999766154806
14.8625287001,0.999766154806
14.8699894713,0.999766154806
14.8774502425,0.999766154806
14.8849110137,0.999766154806
14.8923717848,0.999766154806
14.899832556,0.999766154806
14.9072933272,0.999766154806
14.9147540984,1.0
